IT;DE
VITE TESTA ESAGONALE;Sechskantschraube
VITE T.E.;Sechskantschraube
VITE TCEI;INNENSECHSKANT ZYLINDERSCHRAUBE
VITI TBEI;Flachkopfschraube mit Innersechskant
VITE TSEI;Innensechskant-Senkkopfschraube
VITI AUTOFILETTANTI TSP IMPRONTA A CROCE;Schrauben
GRANI A CAVA ESAGONALE A PUNTA CONICA;GEWINDESTIFT MIT INNENSECHSKANT UND SPITZE
GRANI A CAVA ESAGONALE A PUNTA PIANA;INNENSECHSKANT MIT GEWINDESTIFT UND KEGELKUPPE
DADO AUTOBLOCCANTE INTERAMENTE METALLICO;SELBSTSICHERNDE MUTTER  GANZ AUS METALL
ANELLO SEEGER PER ALBERI;SEEGER Ring für Welle
ROSETTA PIANA BONIFICATA;Scheibe für Spannzeug
Pignone HABASIT;Zahnrad HABASIT
Controflangia DIN 90-4-8 (Albero ø35);Gegenflansch DIN 90-4-8 (Welle ø35)
Anello di centraggio per supporti flangiati (Diam.;Zentrierring für Flanschhalterungen (Durchm.
tondo trafilato;Rund
Rondella di Sicurezza Zigrinata SCHNORR SCHNORR VS C60S ZB;Geriffelte SCHNORR Sicherungsscheibe SCHNORR VS C60S ZB
Piatto di chiusura;Platte
Piatto raschiatore;Platte
dado autobloccante;SELBSTSICHERNDE MUTTER
Staffa di supporto raschietto;Halterung
Supporto a Y flangia ovale - Marca: SKF - cod.: FYTB 30 TF;Kugellagereinheit mit Ovalflansch - Marke: SKF - cod.: FYTB 30 TF
Supporto a Y flangia ovale - Marca: SKF - cod.: FYTB 25 TF;Kugellagereinheit mit Ovalflansch - Marke: SKF - cod.: FYTB 25 TF
rondella;Scheibe
tondo;Runde
telaio ruota motorizzata;Antriebsradrahmen
ruota motorizzata;Antriebsrad
Coppia di serraggio;Drehmoment
vista dal basso;Ansicht von unten
tavola girevole non accessoriata;Nicht ausgestatteter Drehtisch / Schwenktisch
gruppo collegamento motore;Motoranschlusse Baugruppe
gruppo sensori;Sensoren-Baugruppe
gruppo traversa fulcro;Querträgerbaugruppe
guida catena singola;Führung
SPINA CILINDRICA CON FORO DI ESTRAZIONE;Zylinderstift mit Extraktion Loch
Centraggio sostegno tavola;Zentrierung der Tischstützen
Piatto Laminato;Platte
Pista eccentrica;Führung
SEZIONE;ABSCHNITT
SCALA;MAßSTAB
Rosetta piana larga;Scheibe großer Außendurchmesser
gruppo ruota motorizzata;Antriebsradgruppe
VITE DI SPALLAMENTO TCEI  UNI 7379 12.9 ZB;Zylindrische Passschraube  mit Innensechskant UNI 7379 12.9 ZB
motoriduttore coassiale;Getriebemotor
motore rotazione;Drehmotor
gruppo supporto motoriduttore;Getriebemotorhalterung Gruppe
gruppo anticaduta;Absturzsicherung Gruppe
QUESTO DISEGNO È PROPRIETÀ RISERVATA DELLA AMS S.R.L.;DIESE ZEICHNUNG IST DAS VORBEHALTENE EIGENTUM VON AMS S.R.L. (ART. C.P. 621).
È FATTO DIVIETO A CHIUNQUE DI UTILIZZARE, RIPRODURRE O COMUNICARE A TERZE PARTI TALE DISEGNO SENZA IL CONSENSO SCRITTO DELLA DITTA.;ES IST VERBOTEN, DIESE ZEICHNUNG OHNE DIE SCHRIFTLICHE ZUSTIMMUNG DES UNTERNEHMENS ZU VERWENDEN, ZU VERVIELFÄLTIGEN  ODER AN DRITTE WEITERZUGEBEN.
LA SOCIETÀ TUTELA I PROPRI DIRITTI A RIGORE DI LEGGE.;DAS UNTERNEHMEN SCHÜTZT SEINE RECHTE IN VOLLEM UMFANG DES GESETZES.
NON RILEVARE QUOTE DAL GRAFICO.;KEINE QUOTEN AUS DER GRAFIK ENTNEHMEN.
NON APPORTARE MODIFICHE MANUALI E SENZA AUTORIZZAZIONE.;KEINE MANUELLEN ÄNDERUNGEN OHNE GENEHMIGUNG VORNEHMEN.
boccola in bronzo;Bronzebuchse
battuta meccanica;Festanschlag
battuta d'arresto meccanico;Festanschlag
angolare;Winkel
GRUPPO CONTROVENTO;Kipphalterung Gruppe
Gr. Telaio Monorullo;Einzelnerolle-Rahmen Gruppe
gruppo sensori per pali di manutenzione;Sensor-Baugruppe
sensore induttivo;Induktiver Sensor
viti autofilettanti impronta a croce;Senk-Blechschrauben mit Kreuzschlitz
TAVOLA EH CORSA 450;TISCH EH FAHRT 450
puleggia dentatat passo HTD - Marca: MEGADYNE;Zahnriemenscheibe HTD - Marke: MEGADYNE
testata motore;Antriebeskopf
staffa lettura sensori;Lesesensor-Halterung
longherone;Längsrahmen
camma;Nocken
rosetta dentata doppia;Doppelzahnscheibe
GRUPPO SENSORE INTERNO;Innensensor-Gruppe
piantana azionatore;Halterung
barra di ancoraggio;Ankerstange
Gruppo catena portacavi;Schleppkette-Gruppe
tassello a vite;Schraubdübel
gruppo camme verticale;Vertikale Nocken-Gruppe
poliuterano;Polyurethan
cavalletto lato motore;Stützfuß
gruppo traversa motore;Antriebsträger Gruppe
boccola;Buchse
puleggia motore;Antriebsscheibe
cavalletto;Stützfuß
gruppo angolare di registro;Winkel
barra filettata;Gewindestange
gruppo traversa;Querträgerbaugruppe
anticaduta;Absturzsicherung
supporto;Halterung
gruppo rullo;Rolle Gruppe
semicarter;Teilabdeckung
testata;Oberteil
VITI AUTOFILETTANTI TSP IMPRONTA A CROCE;Schrauben
tavola non accessoriata;Rollenbahn nicht ausgesatattet
EH-Tavola di sollevamento;EH
tavola a bordo;Rollenbahn
assieme albero di sollevamento;Hubwelle Gruppe
Gr. Cavalletto_Sald;Stützfuß-Gruppe
Rotella a sfere;Laufrolle
Supporto ritto in ghisa;Lagergehäuse
Gr. Piede livellamento con ragno;Fuß
assieme puleggia;Riemenschiebe Gruppe
supporto carter;Carter Halterung
Traversa guida;Führungsträger
gruppo ruote di contrasto tavola;Führungsräder
gruppo ruota folle guidata;Mitläuferrad Gruppe
telaio guida;Führungsrahmen
piastra di fine corsa;Endschalterplatte
Round;Runde
rotondo;Runde
gruppo piastra motoriduttore;Getriebemotor-Platte Gruppe
Albero di trasmissione;Antriebswelle
supporto albero e puleggia di rinvio;Welle Halterung und Umlenkscheibe
Gruppo spazzola ruota;Radbürsten-Gruppe
Ruota motrice per alte portate con sede per chiavetta, con rivestimento in poliuretano BLICKLE;Antriebsrad
Piedino d'ancoraggio centrale;Fuß
Fulcro tavole girevoli;Königszapfen Drehtische/ Schwenktische
Gruppo fulcro;Königszapfen Gruppe
traversa fulcro;Querträger
Pista di scorrimento fulcro;Führungsschiene
battuta carter;Carter
gruppo testimone sensori;Sensor-Zeugen-Baugruppe
Contro piastra da bullonare;Platte
Pista concentrica;Führung
Albero ruota motorizzata;Motorisierte Radwelle
pista esterna;Führung
Antivibrante conico Gomma industriale;Puffer
pista ruote motorizzato;Führung
Sostegno contrasto;Gegenhalter
Supporto braccio di reazione;Halterung
braccio di reazione;Drehmomentstütze
Gruppo Traversa di sostegno motore rinv.;Motorstützquerträger-Gruppe
rondella speciale;Scheibe
gr. Anticaduta stretto;enge Absturzsicherungsgrupp
quadro trafilato (barra);Vierkantstahl
camma a terra;Nocken
Gruppo piastra per distanziamento cavi;Platte
camma verticale;Vertikale Nocken
Piantana fotocellule;Lichtschrankensäule
Pellicola riflettente Diamond Grade” autoadesiva;Selbstklebende reflektierende Film Diamond Grade”
TELEMETRO;Telemeter
staffa di allineamento;Halterung
Proximity di sicurezza;Sensor
Gruppo sostegno Movipro;Halterung für Movipro
Gruppo staffa targhetta metrica;Metrische Plattenhalterung
discensore non accessoriato;Heber nicht ausgestattet
Gruppo Sensore Extracorsa;Überlaufsensor- Gruppe
Gruppo piastra fissa;Platte Gruppe
Finecorsa di sicurezza meccanico;Sicherheitsschalter
RBxHE-Tavola a rulli mobile;RB für HE
Motorid. ad ingr. Cilindrici;Getriebemotor
gruppo trave di estrazione;Ausbauschiene Gruppe
Gruppo sostegno Resistenza di frenatura;Halterung für Bremswiderstand
Monorullo folle a bordo;Leerlauf Einzelnerolle
RBxHE-Tavola a 4 rulli mobile;RB für HE
trasferitore laterale;Querbandförderer
Gruppo Guancia laterale singola DX;Einzelne Seitenwange Gruppe Rs
Gruppo Guancia laterale singola SX;Einzelne Seitenwange Gruppe Ls
Gruppo Traversa di sostegno centrale;Querträger Gruppe für zentrale Unterstützung
Gruppo Traversa di sostegno tenditore;Querträger Gruppe für Spannerunterstützung
Gruppo Traversa di sostegno motore;Querträger Gruppe für Motorunterstützung
Staffa piastra mobile;Halterung
Piastra centraggio;Zentrierungplatte
Piatto di irrigidimento;Platte
piastra di regolazione;Platte
Transponder Euchner CES-A-BPA;Betätiger  Euchner CES-A-BPA
Trasportatore mobile;Querbandförderer
Montante sostegno sensori;Sensorträger-Säule
Staffa di sostegno;Halterung
Gruppo profilato Alusic;Profilgruppe Alusic
Collare per bloccaggio semi-giunto;Stellring
Respingente;Puffer
Tamburo;Trommel
Supporto respingente;Auflage für Puffer
Piastra di contrasto supporto;Platte
Lamiera di chiusura;Abdeckblech
Supporto cinghia a contrappeso;Gegengewichtriemenhalterung
Tassello polizene;Dübel
Elastomero;Elastomer
Tondo Acciaio legato da Cementazione;Runde
Albero puleggia;Wellescheibe
Guida Polizene;Polyzen Führung
Piattino guida;Führung
Perno per  piolo;Stift für Pflock
Telaio otturatori;Verriegelungsrahmen
Staffetta;Halter
Distanziale per grigliato;Distanzstück
Biella;Kurbel
Piastrina fermaperno per viti;Platte für Blockstift für Schraube
Gruppo otturatori su soppalco;Verriegelungs Vorrichtung Gruppe auf Bühne
Gruppo ruote slitta;Schlittenradbaugruppe
Sensore presenza;Sensor
Gruppo anticaduta spessore ridotto;Absturzsicherung Gruppe
Gruppo sostegno camma;Nocken Unterstützung Gruppe
Motoriduttore ad ingranaggi cilindrici;Getriebemotor
Riscontro sensore;Platte
Cavallotto per piede;Bügelklemme
Rondella di ritegno;Scheibe
Gruppo otturatori su soppalco;Verriegelungs Vorrichtung
Porta portatarghetta;Typenschild Halterung
Anti-rotazione;Verdrehsicherung
Gruppo sensori - Rallentamento e Stop - Passaggio;Sensoren-Baugruppe
QF_Multiplo;QF
Trasferitore laterale non accessoriato;Querbandförderer nicht ausgestattet
Gruppo sensori - Controllo posizione - Trasf. stretto;Sensorengruppe
Gruppo sensori - Rallentamento e Stop -;Sensorengruppe
Gruppo sensori - Rallentamento e Stop - Passaggio;Sensorengruppe
Gruppo sensori - Controllo posizione - Passaggio;Sensorengruppe
QF Singolo;QF
Guida catena testata motrice;Kettenführung Antriebskopf
Gruppo Piede singolo;Fuß
Piantana Sensori;Ständer für Sensoren
Gruppo Guancia laterale motrice SX;Antriebsseite Gruppe links
Gruppo Guancia laterale motrice DX;Antriebsseite Gruppe rechts
riferimento puntalino;zentrierbuchse
RB_ sollevamento a camme;RB_Nockengesteuerte
Stazione Disimpilaggio a camme;Station für Nockenentstapelung
fotocellula;Lichtschranke
staffa fissaggio profilo;Halterung
profilo all.;Aluminiumprofil
Staffa per fotocellula;Halterung für Lichtschranke
Motorid.coppia conica;Getriebemotor
RB_per tav. camme;RB_für Nockenhubtisch
Gr. Camma Verticale stretta;enge vertikale Nocken Gruppe
Gr. Piantana anticaduta;Ständer für Abstrurzsicherung Gruppe
Gr. extracorsa DX;Überlauf Gruppe Rechts
Gr. extracorsa SX;Überlauf Gruppe links
Gr. Trasmissione;Antriebsgruppe
camma Sensori Sollevamento;Nockenhebesensoren
camma puleggia;Nocken-Scheibe
rotelle di contrasto;Führungsräder
posizione alta;obere Position
ROTAZIONE CAMMA DX;Nockendrehung Rs
ROTAZIONE CAMMA SX;Nockendrehung Ls
ROTAZIONE MOTORE;Motordrehung
Battuta in posizione alta;Anschlag in oberer Position
Battuta in posizione bassa;Anschlag in der unteren Position
calettatore a caldo;Spannsatze
BATTUTA DOPPIA;Doppelanschlag
testimone finecorsa;Endanschlag Zeuge
Albero per puleggia singola;Welle für einzelne Scheibe
Gruppo camma puleggia SX;Nocken - Scheibe Gruppe links
filo animato;Schweißdraht
piantana accessori;Zubehör Ständer
contropiastra a saldare;zu schweißen Gegenplatte
interasse su soppalco;Abstand Stahlbühne
SPINA ELASTICA SERIE PESANTE;Spannstift
profilo guida;führungsprofil
Telaio-supp. Guida;Rahmen
gr. Sensore esterno;Sensorgruppe
gr. Rotella per camma;Nockenrolle Gruppe
Contropiastra Supporto;Halterung Gegenplatte
ghiera autobloccante;Selbstsichernder Gewindering
Barra allineamento montaggio;Ausrichtungsstange für Montage
Telaio laterale Disimpilatore;Seitenrahmen Entstapler
Bilanciere inferiore;Untere Traverse
Piastrina fermaperno;Platte für Blockstift
Piede appoggio;Fuß
gr. Braccio di movimentazione;Bewegungsarm Gruppe
Gruppo Guancia laterale tenditrice SX;Seitenwangen-Spannvorrichtung Gruppe rechts
Gruppo Guancia laterale tenditrice DX;Seitenwangen-Spannvorrichtung Gruppe Links
SHEET;BLATT
Albero di Bloccaggio;VERRIEGELUNGSWELLE
Piastra di allineamento;Platte
Piastra di base;Grundplatte
Staffa;Halterung
Guancia Sx Ribassata;Wange links
Supporto ruote;Auflage für Räder
Distanziale per ruote;Abstandshalter für Räder
Lettura posizione raggiunta;Lesersensor
Perno snodi;Gelenke Stift
Gruppo supporto carter;Carterhalterung Gruppe
Pannello;Paneel
Mancorrente motorizzazione;Geländer
Boccola con collare;Buchse mit Stellring
Supporto travi di estrazione;Ausbauschienestützung
Perno bandiera;Schiene Stift
Mancorrente su travi a bandiera;Geländer
Angolare di blocco;Sperrwinkel
Gruppo traversa tamburo di rinvio;Umlenktrommel Querträgerbaugruppe
testimone sensore;Sensorhalterung
Bewegungsarm Gruppe Auflage;Bewegungsarm Gruppe Auflage
Pilastrino trave estrazione;Ausbauschienestütze
Distanziale per pilastrino;Abstandshalter für Stütze
Carrello a spinta Meccanico Portata 1000 Kg;Schiebewagen
Boccola autolubrificante flangiata in bronzo;Bronzebuchse
tampone laterale;Seitenpuffer
tampone inferiore;unterer Puffer
telaio braccio movimentazione;Bewegungsarm Rahmen
Guida lineare con manicotti a sfere;Führung
Staffa finecorsa;Endanschlag Halter
Centratore Skid;Skid Zentrierung
Cuscinetto radiale a sfera, singola corona;Rillenkugellager
Monoblocco centrale;zentraler Monoblock
Tondo riferimento;Runde
Piastra asolata;Lochplatte
EHT+RB_4_I740_P864_Grigl(Mot.Coda);EHT+RB_4_I740_P864
Battuta mobile;Feststellvorrichtung
Bussola di mascheraggio con collare;Bohrbuchse mit Bund DIN 172
Tappo inferiore;untere Abdeckung
Supporto battuta;Anschlagshalterung
Tappo superiore;Obere Abdeckung
rampone;Verankerungsklemme
ass. Telaio di guida;Führungsrahmen Gruppe
controllo PIN;PIN Prüfung
Gruppo contrasto ruota;Radkontrastgruppe
Tavola monorullo folle STD Fiss. su Grigliato;Leerlauf Rolle
Struttura Cavalletto;Halterung
Lamiera;Blech
Tavola a 4 rulli;Rollenbahn mit 4 Rollen
Scheda;Datenblatt
Staffa inclinata Movifit MC;Halterung für Movifit MC
Piantone per;Ständer für
Tavola a 5 rulli per girevole concentrica;Rollenbahn mit 5 Rollen für Drehtisch
Sostegno Gruppo sensori;Sensoren-Baugruppestützung
Tavola a rulli fissa;feste Rollenbahn
Tavola girevole concentrica;Drehtisch
piastra di rotolamento completa;Komplette Laufplatte
Sostegno motorizzato;Motorisierte Halterung
Fulcro di rotazione;Drehpunkt
tavola di svincolo;Hubtisch
Tavola a camme controrotanti;Nockenhubtisch
Giunto;Kupplung
Gruppo rotelle di contrasto;Führungsräder
Tavola di sollevamento;Hubtisch
guida SKID su tavola EHT;Skid- Führung
sostegno centrale lamiere di copertura;zentrale Halterung
Colonnina sensori;Sensorhalterung
Traversa per fulcro;Querträger
PULEGGIA CAMMA;Nocken Scheibe
COPIGLIA UNI 1336;Splint UNI 1336
Colonnina fotocellule;Halterung für Fotozellen
Lamiera di attacco;Blech
staffaggio per concentratore rfid;Halterung
Gruppo Staffaggio Antenna RFID;Halterung für RFID-Antenne
appoggio semplice posteriore destro;Einfache Auflage hinten rechts
Gr. puntale posteriore;hintere Spitze Gruppe
Gr. puntale anteriore;vordere Spitze Gruppe
Spessore in elastomero;Platte aus Elastomer
Tassello frontale telaio;Dübel
lamiera supporto RFID;RFID-Trägerblech
Telaio portante SKID;SKID-Tragrahmen
Contro-Piastra di supporto lettore rfid;Gegenplatte für RFID-Lesegerät
Piastra lettore;Platte für Lesergerät
tubo di collegamento;Verbindungsrohr
Staffaggio per lettore Rfid;Halterung für RFID -Lesergerät
Morsetto elesa GN 163-B25-50-2-BL;Elesa Fuß-Klemmverbinder GN 163-B25-50-2-BL
morsetto elesa GN 132-B25-B25-40-2-BL;Elesa Kreuz-Klemmverbinder GN 132-B25-B25-40-2-BL
tavola monorullo;Einzelnerolle Rollenbahn
Supporto lettore RFID Scocca;Halterung für RFID -Lesergerät
Gruppo Flangia per cardanico;Flansch Gruppe
Tavola monorullo folle STD Fiss. su Grigliato;Leerlauf Rolle Rollenbahn
Colonnina catarifrangenti;Halterung für Rückstrahler
battura divisa in 2;Anschlag in 2 geteilt
staffa catarinfrangente;Halterung für Rückstrahler
Sensore per check senso ins. SKID;Sensor
bussola di trazione;Spannhülse
Anello di arresto;Festring
Anello di tenuta;Dichtring
Cuscinetto orientabile a rulli;Pendelrollenlager
Supporto ritto in due metà SKF SNL 518-615;Geteiltes Stehlagergehäuse  SKF SNL 518-615
colonna;Säule
Freccia di posizionamento;Positionspfeil
Gruppo Golfare di sicurezza;Anschlagpunkt Gruppe
spessore;Ausgleichsscheibe
Passerella di manutenzione;Wartungslaufweg
contrasto;Kontrast
Perno dritto;Stift
piastra connettori;Stecker-Platte
Tassello di contrasto ruota;Rad-Kontrast Dübel
Terminale sferico maschio, destrorso;Gelenkkopf
Rotella a sfera;Laufrolle
Piastrina per bloccaggio perno;Platte für Blockstift
Rondella ritegno;Scheibe
Terminale sferico maschio, sinistrorso;Gelenkkopf
supporto cuscinetto;Lagergehäuse
Pannello motoriduttore;Getriebemotor-Paneel
CARTUCCIA PER ANCORANTE;Verbundankerpatrone
puleggia dentata doppia;Doppelzahnriemenscheibe
Tavola senza rulli per EH;Rahmen für EH
protezione varco tecnico;Schutz für Sicherheitsbereich
assieme tenda;Schutzvorhänge aus Rotenplastikbahnen
Palina recinzioni;Halterung für Schutzzaun
Assieme Pannello;Paneel
VT.Tavole a rulli;Sicherheitsbereich für Rollenbahnen
VT. Discensore;Sicherheitsbereich für Heber
CONTRODADO ELASTICO;Sicherungsmutter
piastra di fissaggio;Befestigungsplatte
tronchetto per golfare;Halterung für Anschlagpunkt
Gr.struttura golfari di sicurezza;Anschlagpunkt Gruppe
Staffa di attacco a trave;Halterung
Struttura Tubolare;rohrförmige Struktur
Ass.Porta DX_L1000_H2000_no Elettroserr.;Tür DX_L1000_H2000_keine elektrische Verriegelung
VT.Trasferitore laterale;Sicherheitsbereich für Querbandförderer
trave;Träger
Staffa di attacco a croce fra travi DOPPIO;Halterung
Staffa di attacco a croce fra travi;Halterung
Gruppo Piede Singolo_Grigl.;Fuß
Gr. struttura per Sensori;Halterung für Sensoren
Gr. supporto sensori con spessore;Sensorhalterung Gruppe
Trasferitore laterale a catena;Querkettenförderer (QKF)
(Piano H6) QKF Largo-H6-ID-68;QKF -H6-ID-68
Sensori controllo posizione per tavole di passaggio;Sensoren
Sensori per tavole di passaggio;Sensoren
Gr. Pancia comando;Antriebsgruppe
Guancia testata motrice;Antriebskopf -Wange
rullo di rinvio;Umlenkrolle
vite ad occhio;Augenschraube
pedana sensibile;Schaltmatte
rampa antiscivolo;Rutschfeste Rampe
Barotto;Rundstab
tassello di battuta meccanica;Halterungsleiste
gruppo trasmissione;Antriebsgruppe
Albero trasmissione puleggia;Welle
Supporto a Y flangia ovale - Marca: SKF - cod.: FYTB 30 TF;Kugellagereinheit mit Ovalflansch - Marke: SKF - cod.: FYTB 30 TF
Supporto a Y flangia ovale - Marca: SKF - cod.: FYTB 25 TF;Kugellagereinheit mit Ovalflansch - Marke: SKF - cod.: FYTB 25 TF
Dimensione;Maß
Spessore per extracorsa;Platte für Überlauf
Tavola a 5 rulli (Trasbordatore);Rollenbahn mit 5 Rollen (Verschiebewagen)
assieme telaio;Rahmen Gruppe
Motorid.ingr.cilindr. SEW A.84674884;Getriebemotor SEW A.84674884
battuta;Anschlag
RONDELLA SCHNORR Tipo VS C60S ZB;Scheibe SCHNORR Typ VS C60S ZB
anticaduta fisso;feste Absturzsicherung
ESP.;EXP.
Cinghia dentata CTD Marca: Contitech;Zanhriemen CTD Marke: Contitech
GRANI A CAVA ESAGONALE AD ESTREMITA' A COPPA UNI 5929 PG BR;Gewindestift mit Innesechskant und Ringschneide UNI 5929 PG BR
Tappo per tubolare;Abdeckung für Röhre
Flangia di copertura;Abdeckungsflansch
cassetta di alimentazione;Abgangskasten
Linguetta arrotondata;Abgerundete Feder
valvola di sfiato;Ablassventil
Tolleranza;Abmaß
Collaudo;Abnahme
Palla da demolizione;Abrissbirne
Encoder assoluto;Absolutwertgeber
valvola a farfalla;Absperrklappe
Valvola di arresto;Absperrschieber
Distanziale di fermo;Abstandshalter
Tracciamento;Absteckung
Posizionatore;Absteckung
Gruppo raschiatore;Abstreifergruppe
Area pericolo caduta;Absturzbereich
Anticaduta;Absturzsicherung
inciampo persone;Absturzsicherung
linea vita;Absturzsicherung
impianto acque di scarico;Abwasseranlage
Adattatore;Adapter
Profilo alluminio CTA 0130300 - 30 x 30;Aluminiumprofil CTA 0130300 - 30 x 30
Gruppo trasversale di collegamento;Anbindungsquergruppe
Docking station;Andockstation
Punto di ancoraggio;Ankerpunkt
Impianto;Anlage
Collocazione;Anordnung - Aufstellung
Adeguamento calibro;Anpassung Einstellmeister
Battuta;Anschlag
Piastra di battuta;Anschlagplatte
Respingente d'urto;Anschlagpuffer
Occhiello di sicurezza;Anschlagpunkt
Golfare;Anschlagpunkt
Perno di battuta;Anschlagskern
Piastra attacco connettori;Anschlussplatte für Stecker
Vista;Ansicht
Vista dall'alto;Ansicht von oben
testate di comando e rinvio;Antriebs- und Vorgelegeköpfe
Tirantino;Antriebseinheit
Gruppo motorizzazione;Antriebsgruppe
Ruota motrice Blickle GTHN 150/25H7 Poliuretano/Ghisa;Antriebsrad Blickle GTHN 150/25H7 Polyurethan/Gusseisen
Gruppo Ruota Motorizzata;Antriebsradgruppe
Cinghie di trasmissione;Antriebsriemen
Rulli motorizzati;Antriebsrollen
Puleggia motrice;Antriebsscheibe
Guancia laterale motrice SX;Antriebsseite Ls
Guancia laterale motrice DX;Antriebsseite Ls
Traversa motore;Antriebsträger
Carrello motore;Antriebswagen
Meccanismo - gruppo motore;Antriebswerk
Applicazione;Anwendung
Codice merceologico;Artikelnummer
Anticollisione;Auffahrschaltung
Stazione di sospensione;Aufhängestation
Sistema di Appensione;Aufhängungsystem
Sistema di Sospensione;Aufhängungsystem
Supporto ruote;Auflage für Rad
Superficie di appoggio;Auflagefläche
Pin;Aufnahme
Puntalino;Aufnahme
Vite ad occhiello;Augbolzen
Trave di estrazione;Ausbauschiene
Spessore;Ausgleichsscheibe
Spazio per muoversi;Auslauf / Platz für Bewegung
sbraccio;Ausleger
Leva braccio di movimentazione Dx/Sx;Auslegerarm rechts / links
Sistema di sgancio;Auslöseeinrichtung
Piastra per allineamento;Ausrichttungsplatte
Barra di allineamento;Ausrichtungsleiste
Barra allineamento montaggio skid 900;Ausrichtungsstange für Skid-Montage 900
Postazione di estrazione;Ausschleusstelle
Carrello di estrazione;Ausschleusswagen
Ritaglio (di disegno tecnico);Ausschnitt
Dispositivi di scambio;Austauscheinrichtungen
Equilibrature;Auswuchten
Impianto automatico di granigliatura;automatische Strahlanlage
Gioco assiale;axiales Spiel
Trave di estrazione tamburo;Balken für Trommelabsaugung/ Trommelauszugs Vorrichtung
Sezione linea;Bandabschnitt
Struttura sospesa fissata al soffitto;Bandoberkonstruktion
Appensione lato linea;Bandoberkonstruktion (BOK)
Forme costruttive;Bauformen
Gruppo Scivolo Cavi;Baugruppe Kabelführung
Componente;Bauteil - Komponenten
Pulpito di comando;Bedienpulte
Supporto di fissaggio;Befestigungshalter
Angolare di fissaggio;Befestigungswinkel
Scatola Sensori;Behälter Sensoren
Unità di misura;Bemessungseinheit
Volume di fornitura;Beschaffungsumfang - Lieferumfang
Tavole acceleratrici;Beschleunigungstische
Azionamento dispositivo (generico);Betätigung-Vorrichtung
Assistenza;Betreuung
Fattore di servizio;Betriebsfaktor
Mezzi operativi;Betriebsmittel
Angolo di diffusione;Beugungswinkel
Angolo di disallineamento;Beugungswinkel
Gruppo Piastra Mobile;Bewegliche Plattenbaugruppe
Braccio di movimentazione;Bewegungsarm
Gruppo braccio di movimentazione;Bewegungsarm Gruppe
Supporto braccio di movimentazione;Bewegungsarm Gruppe Auflage
Leva braccio di movimentazione;Bewegungsarm Hebel
Dispositivi di movimentazione;Bewegungseinrichtungen
Soppalco in lamiera;Blechbühne - Blechgerüst
Bussola di mascheraggio con collare;Bohrbuchse mit Bund DIN 172
Bussole;Bohrbüchsen
Molla freno;Bremsfeder
raddrizzatore freno;Bremsgleichrichter
Calotta del freno;Bremskalotte - Bremskappe - Bremshaube
Disco del freno;Bremsscheibe
Polvere di frenatura;Bremsstaub
Resistenza di frenatura;Bremswiderstand
Boccola in bronzo con collare BSA;Bronzebuchse mit Stellring BSA
Boccole;Buchsen
Baia - insenatura quindi tratto rientrante;Bucht
Staffa per oltrecorsa;Bügel für Endschalter
Cavallotto;Bügelklemme
Soppalco;Bühne
Carter bull;bull carter
Piastra bull;bull Platte
Rullo flangiato;Bundrolle
Fideiussore-Creditore;Bürge-Gläubiger
Carterino;Carter
Staffa carter;Carter-Halter
Macchine a controllo numerico;CNC (Computerized Numerical Control)-Maschinen
torni CNC;CNC-Drehmaschinen
Cabina pilotaggio;Cockpit
Profilo a C forato;C-Profil mit Bohrung
Sistema di convogliatore a fune;D.C.C. Double Clamp Conveyor
Capriata a forma Shed;Dachträger Shed
Impianto in cui vengono fatti rinforzi al tettuccio oppure inseriti dispositivi antirumore;Dachverstärkungsdämpfungsanlage
Targa dati;Datenkennschild
Supporto dati;Datenträger
destrorso (filettatura);Rechtsgewinde
Sigillante;Dichtmaterial
Anello di tenuta;Dichtring - Dichtungsring
Guarnizione;Dichtung
Labbro di tenuta;Dichtungslippe
Spessimetro;Dickenmesser
Distanziale;Distanzstück
Gruppo carter doppio;Doppelcarter-Gruppe
Doppio battente - anta;Doppelflügel
Catena doppia;Doppelkette
Cambio a doppia frizione;Doppelkupplungsgetriebe
tavola a rulli doppio (doppio piano, doppia corsia);Doppelrollenbahn(doppelstock/zweispur)
Birotaia;Doppelspur
Bi-piano;Doppelstöckig
Doppia cinghia dentata;Doppelzahnriemen
Doppia rosetta dentata;Doppelzahnscheibe
Puntale;Dorn
Tavola girevole con tavola a svincolo;Drehexcenterhubtisch
Encoder velocità motore;Drehgeber
Ganci girevoli;Drehgehänge
Pista rotante;Drehkranz
Coppia;Drehmoment
Chiave dinamometrica;Drehmomentschlüssel
Momento torcente - supporto;Drehmomentstütze
Punto di rotazione;Drehpunkt
Carrello trasferitore con tavola girevole;Drehquerverschiebwagen
Gioco torsionale;Drehspiel - Torsionsspiel
Postazione girevole;Drehstation
Motore trifase;Drehstrommotor - Dreiphasenmotor
Tavola girevole (180°);Drehtisch
Dispositivo girevole;Drehvorrichtung
Bobina;Drossel
Tappeto sensibile;Druckempfindliche Matte
Molla a compressione;Druckfeder
Anello di pressione;Druckring
Pressostato;Druckwächter
Tassello;Dübel
Diametro;Durchmesser
Ugello;Düse - (Abblasdüse)
Deviatore angolare;Eckumsetzer
Bilancella automotore;EHB Gehänge (Einschienen- Hänge- Bahn)
Preparazione all'installazione;Einbauvorbereitung
Calotta d'entrata;Eingangshaube
Alloggiamento;Einhäusung
racchiudere in / ricoprire;Einhausung - einhausen
Monorotaia;Einschienenbahn
Postazione di immissione;Einschleusstelle
Incisioni;Einschnitt/Gravur
Calibro di regolazione;Einstellehre
Dado di regolazione dado di registrazione;Einstellmutter
Gruppo carter singolo;Einzelcarter Gruppe
Piede singolo;Einzelner/Ständer
Piastra per encoder;Encoderplatte
Finecorsa;Endanschlag
Camma finecorsa;Endanschlag Nocken
Test finale;Endprüfung - final test
Fine corsa;Endschalter
FC (Finecorsa) a rotella;Endschalter mit Rolle
Camma fine corsa;Endschalter-Nocken
Sgancio/Divisione;Entkupplung
Area di scarico;Entladebereich
Scarico;Entladen
Sblocco;Entriegelung
Stazione si prova di sblocco;Entriegelungspruefstation
Stazione di sblocco;Entriegelungsstation
Resina epossidica;Epoxydharz
Circuito di terra;Erdungskreislauf
Motore di ricambio;Ersatzmotor
Pezzi di ricambio;Ersatzteile
Tavola a svincolo;Excenterhubtisch
Antideflagrante;Explosionssicher
Forbice esterna;Externe Schere
Oltrecorsa;Extra-führung
Perno Eccentrico;Exzenterbolzen
Tavola a Svincolo;Exzenterhubtisch
SENSO DI MARCIA;FAHRTRICHTUNG
Soppalco del trasporto;Fahrwerkbühne
Soffietto;Faltenbalg
Aggraffaggio;Falze
Tappeto di rete - Pavimento rete - reticolato;Fangschutzmatte
Anticaduta presso macchine (discensore);Fangzylinder - Fangvorrichtung
Inserto Filettato Testa A Filo Laminato;Fassung
Linguetta;Feder
Chiavetta ribassata e foro;Feder und Bohrung
Contenitore molla;Federbehälter
Molle;Federn
mastice;Feinspachtel
Battuta meccanica di testa;Festanschlag
Camme fisse o mobili;Feste oder bewegliche Nocken
Freno di stazionamento;Feststellbremse/Handbremse
Rosetta piana;Flache Scheibe
Flangia per puleggia dentata Marca: Chiaravalli Cod n°66;FLANSCH FÜR ZAHNRIEMENSCHEIBE, Marke: Chiaravalli Cod n°66
Giunto flessibile;Flexplate
Catena di montaggio;Fließband
Trasportatore fly roller;Fly roller Foerderer
Sistema di movimentazione;Förderanlagen
Nastri trasportatori;Förderband
Filo scorrimento;Förderebene
trasportatore;Förderer
nastro trasportatore;Förderband
Sistema di trasporto;Fördertechnik
Operazione di trasporto;Förderung
Carrelli di trasporto;Förderwagen
Disco sagomato;Formscheibe
Gruppo fotocellula + riflettore;Fotozellengruppe + Reflektor
Squadretta porta fotocellula;Fotozellenhalter
Inverter;Frequenzumrichter - FU
Guida centratore;Führung für Zentriervorrichtung
Ruote guida;Führungsräder
Pista di scorrimento;Führungsschiene
Pista di scorrimento ruote motorizzate;Führungsschiene für motorisierte Räder
Binari di guida;Führungsschienen
Piedino;Fuß
Piedino di ancoraggio ( A terra - M16);Fußankerplatte (Boden - M16)
Piantone;Fußhalterung
staffa piedino;Fußhalterung
Base per piede d'appoggio;Fussplatte
Encoder;Geber
Gruppo staffa per encoder;Geberhalter Gruppe
ventola;Gebläse/Lüfter
Calotta copri ventola;Gebläse-Abdeckhaube - Abdeckhaube Lüfter
Calotta flangiata;Geflanschte Haube
Gruppo Contrappeso;Gegengewichtgruppe
Telaio contrappeso;Gegengewichtsgestell
Gruppo ruote Contrappeso;Gegengewichtsradbaugruppe
Sostegno contrasto;Gegenhalter
Ghiera SKF KM 4;Gegenmutter SKF KM 4
Controtelaio;Gegenrahmen
Bilancelle;Gehaenge -  Anhängevorrichtungen
Struttura a bilancella;Gehaengestruktur
Gancio;Gehänge - Haken
Temprato;Gehärtet
Supporto ritto;Gehäueselager -Stehlagereinheiten
Otoprotettori;Gehörschutz
parapetto - ringhiera - balaustra;Geländer
Snodo per leveraggio;Gelenk für Hebelwerk
Perno snodi;Gelenke Stift
Terminale sferico;Gelenkkopf
Terminale sferico femmina, destrorso;Gelenkköpfe, Innengewinde
Giunto cardanico;Gelenkkupplung
Albero cardanico;Gelenkwelle o Kardanwelle
Rumore;Geräusch
Rapporto di riduzione totale;Gesamtverkleinerungsfaktor - Verkleinerungsverhaeltnis
Rastrelliera;Gestell
Supporto - cornice;Gestell - Rahmen
Gruppo telaio;Rahmengruppe
Motoriduttore;Getriebemotor
Gruppi motoriduttori;Getriebemotoren
Pannello motoriduttore;Getriebemotor-Paneel
Peso;Gewicht
Piastra filettata;Gewindeplatte
Asse filettata;Gewindespindel
Barra Filettata;Gewindestange
Barra filettata UNI 6547;Gewindestange UNI 6547
barre filettate;Gewindestangen
Grani a cava esagonale a punta conica UNI 5927 PG BR;Gewindestift mit Innensechckant und abgeflachter Spitze  UNI 5927 PG BR
Grigliato;Gitterrost
Lamiera liscia;Glattes Blech
raddrizzatore;Gleichrichter
Guida di scorrimento;Gleitführung
Cuscinetto radente o a strisciamento;Gleitlager
Campana;Glocke
Golfare maschio;Ringschraube
Fossa a sezione obbligata;Graben mit obligatorischem Querschnitt
Braccio di presa;Greifarm
Gripper;Greifer
Fosse (Scavi);Gruben
Piastra di base;Grundplatte
Tampone di gomma;Gummipuffer
Gruppo Cinghia;Gürtelgruppe
Semi carter;Halb-Carter
Semiflange;Halbflansch
Semiguida;Halb-führung
Piano della Halle;Hallengeschoss
Reticolato colonne;Hallenraster
maglia fabbricato;Hallenraster
Dente di arresto;Halteklaue
Organi di presa;Haltekomponenten
Superficie di tenuta;Halteoberfläche
Unità di controllo;Halter Frequenzumrichter
Staffetta Profilo;Halter Für Profil
Montante struttura;Halter Struktur
Catenaria;Halterung
Supporto;Halterung
Staffa per sensoristica;Sensorhalterung
STAFFA PER TELEMETRO;HALTERUNG FÜR TELEMETER
Staffa Azzeramento Encoder;Halterung zur Rückstellung des Encoders
Tassello Di Appoggio;Dübel
Dado Testa a Martello;Hammerkopfmutter
Dado con testa a martello - Marca: CTA - cod.: 330043;Hammerkopfmutter - Marke: CTA - cod.:330043
Maniglia;Handgriff
Corrimano;Handgriff = Handlauf
Manipolazione - maneggio;Handhabung
Gruppo movimentazione leva;Handhabungseinheit für Hebel
Automotore;Hängebahn - Elektrische Hängebahn - EHB
Connettore ditta Harting;Harting Buchse - Stecker der Fa. Harting
Interruttore generale;Hauptschalter
Sezionatore generale;Haupt-Trennschalter
Elettrodomestico;Haushaltsgerät
Gruppo di Sollevamento;Hebegruppe - Hebeeinheit
Leva;Hebel
leva di movimentazione;Hebelarm
Discensore;Heber
Misurazione del discensore in cascata;Hebernachlaufmessungen
vano discensore;Heberschacht
Guide Sollevamento;Hebeschiene
ventola ausiliaria;Hilfslüfter
Riscontro Tassello Posteriore;Hintere Anschlagleiste
Stazione matrimonio;Hochzeitsstation
Linea composta da 4 stazioni in cui vengono sigillati con della cera gli spazi vuoti che possono esserci sulla scocca, tra le saldature ecc.;Hohlraumkonservierungslinie
Albero cavo;Hohlwelle
Sollevamento;Hub
Discensore (a cinghie);Heber mit Guerten
Martinettti - colonne di sollevamento;Hubstempel
Transpallet;Hubwagen
Scatolato Portarulli;Hulle für Rollen
Manicotto;Hülse
Trasportatore a catena ibrida;Hybrid-Kettenförderer
Sensore induttivo lettura;induktiver Lesesensor
Encoder incrementale;Inkremental-Encoder
Manutentore elettrico;Instandhaltungselektriker
Forbice interna;Interne Schere
Cassetta di terminazione;Kabelabschlusskasten
Cassetta di derivazione;Kabelabzweigkasten
Supporto canalina;Kabelkanal Stütz
Reparto stampaggio a freddo;Kaltpress-Abteilung (Abteilung mit den Kaltpressen)
Sostegno telecamera;Kameraunterstützung
trasmissione cardanica;Kardanantrieb
Lastratura;Karobau
Scocca;Karosse
Cataforesi (verniciatura catodica a immersione);Katodische Tauchlackierung
Rondella di sicurezza a cuneo;Keilsicherungsscheibe
Foro (grande foro);Kernbohrung
Trasporto a catena;Kettefoerder
Attacco catena;Kettenangriff
trasporto a catena;Kettenförderer
Guide Catena;Kettenführung
Guida catena testata motrice;Kettenführung Antriebskopf
Guida catena testata tenditrice;Kettenführung Spannerkopf
Piastre guida catene;Ketten-Führungsplatten
Maglie (catena);Kettenglieder
Paranco a catena;Kettenzug
Controvento Sx;Kipphalterung Ls
Controvento Dx;Kipphalterung Rs
Controvento;Kipphalterung
Antiribaltamento;Kippschutz
Tavola basculante;Kippstation
Giunto a denti - giunto a denti;Klauenkupplung
Portatarga adesiva;Klebender Typenschildhalter
Spina a morsetto;Klemm Brettstecker - Stecker
Dispositivo di fissaggio - bloccaggio;Klemme
morsettiera;Klemmkaste
Piatto di fermo;Klemmplatte
Dispositivi di bloccaggio;Klemmvorrichtungen
Pistone;Kolben
Fascia elastica;Kolbenring
Postazioni di prelievo;Kommisionerplätze
Elettromagnete completo;Komplettes Elektromagnet
Fulcro;Königszapfen
Molla conica;konische Feder
Bussola Conica;Konische Hülse
Rosetta Elastica Conica;Konische Spannungscheibe
Progettazione;Konstruktion
Piedino su grigliato;Kontaktstift an Gitterrost
DADO AUTOBLOCCANTE ALTO UNI 7473 6S ZB;KONTERMUTTER HOCH UNI 7473 6S ZB
Contrasto;Kontrast
Ruota di contrasto;Kontrast-Rad
Profilo;Profil
Convergenza;Konvergenz
testate;Köpfe
Gruppo testata;Kopfzeile Gruppe
Passaruota / Parafango;Kotflügel
Trasmissione di energia - potenza;Kraftübertragung
gancio della gru;Kranbirne - Kranflasche -Kranhaken
Crociere;Kreuzungen
Staffa a croce;Kreuzförmige Halterung
Impronta a croce;Kreuzschlitz
Crociera;Kreuzung
Cerniera;Kröpfung
Pattino;Kufe
Pattini;Kufen
valvola a sfera;Kugelhahn
Cuscinetti a sfere;Kugellager
Macchina per pallinatura;Kugelstrahlmaschine
vie di raffreddamento;Kühlungswege
Nastro;Kunststoffgliederband
Trasportatore in plastica a catena;Kunststoffgliederförderer
Nastro trasportatore con catena in plastica;Kunststoffkettenförderband
Giunto meccanico fisso;Kupplung
Giunto a catena;Kupplung/Drehgelenk
Dispositivo di aggancio;Kupplungseinrichtung
Piastra di accoppiamento;Kupplungsplatte
Manovella;Kurbel
Distanziale per manovella;Kurbel Abstandshalter
Biella;Kurbel/Pleuelstange
Manovella - biella oscillante;Kurbelschwinge - Schwenkkurbel
Labirinto salva polvere;Labyrinth-Staubschutz
Verniciatura;Lackiererei
Area di carico;Ladebereich
Skid di carico;Lade-Skids
Carico;Ladung
Tondo porta cuscinetto;Lagerstuhl
Asola;Langlonch
Longherone sinistro;Längsrahmen links
Longherone destro;Längsrahmen rechts
Coprigiunto;Lasche
Portata di carico;Lasteinleitung
Capitolato;Lastenheft
Paranco;Laufkatze
Carroponte;Laufkran
Carrello;Laufwagen
Passerella;Laufweg
Lubrificazione a vita;lebenslange Schmierung
Monorullo Folle;Leerlauf Einzelnerolle
Traversa folle;Leerlauf Querträger
Tavola monorullo folle - 900 - Senza coperture - Cemento;Leerlauf Rolle - 900 -
Rullo folle;Leerlauf Rolle
Deposito per lavorazioni sospese;Leerziehspeicher
Calibro / Dima;Lehre
Gruppo Rullo Conduttivo;Leitfähige Rolle Gruppe
Rullo conduttivo;Leitfähige-Rolle
collegamento della postazione di comando;Leitstandanbindung
Lettura posizione raggiunta;Leseposition erreicht
Barra ottica;Lichtschranke
Guancia laterale tenditrice sinistra;Linke Seitenwangen-Spannvorrichtung
Guancia laterale tenditrice SX;Linke Seitenwangen-Spannvorrichtung
Guancia laterale tenditrice destra;Rechte Seitenwangen-Spannvorrichtung
Guancia laterale tenditrice DX;Rechte Seitenwangen-Spannvorrichtung
Guancia laterale sinistra;Linke Seitewange
Guancia laterale destra;Rechte Seitewange
Copriventola;Lüfterabdeckung
Calotta sopraventola;Lüfterabdeckungshaube
Filtro dell’aria;Luftfilter
traferro;Luftspalt
Grani a cava esagonale a punta piana UNI 5923 PG BR;Madenschraube mit innensechskant UNI 5923 PG BR
elettrovalvola;Mangnetventil
Leva manuale;manueller Hebel
Außengewinde, Innengewinde;Maschio, Femmina (filettatura)
Gruppo Treccia Di Massa;Massegruppe
Montante;Mast
Reparto di lavorazioni meccaniche;mechanische  Abteilung
Battuta d'arresto meccanica;Mechanische Anschlagbegrenzung
Aggancio meccanico;Mechanische Verbindungseinrichtung
Blocco Meccanico a Terra;Mechanisches Anschlag am Boden
Misura dello spostamento;Messung der Verschiebung
Molla metallica;Metallfeder
Disco metallico;Metallscheibe
Microfermate;Mikrostopps
Olio minerale;Mineralöl
Documentazioni aggiuntive;Mitgeltende Unterlagen
Gruppo ruota folle;Mitläuferrad Gruppe
Mozzo - Borchia di trascinamento;Mitnehmernabe
Guida centrale;Mittelführung
Paranco a bandiera (gru girevole mobile);Mobile Schwenkkran
Sostegno connettori mobile;mobile Stützung für Anschlussstecker
Elementi Mobili;Mobiler Elemente
Telaio mobile;Mobiler Rahmen
Montaggio;Montage
Ass. Telaio di guida;Führungsrahmen Gruppe
Ass. Telaio base;Grundgestell Gruppe
Angolare di montaggio;Montage Winkelprofil
Area di montaggio;Montagebereich
Staffa di montaggio;Montagekonsole
Barra di montaggio;Montageleiste
Posizioni di montaggio;Montagepositionen
Motore;Motor
Centro distribuzione(smistamento) motori e cambi;Motor- und Getriebe Verteilzentrum
Bandiera estrazione motore;Motorausbauschiene
Gruppo Sostegno Motore;Motorhalterung Gruppe
Angolare per supporto motore trasferitore;Motorhaltewinkel
Traversa motorizzata;Motorisierte Querträger
Motorizzazione;Motorisierung
Telaio motorizzazione;Motorisierungsgestell
Traversa sostegno motore;Motorträger
Albero motore;Motorwelle
Dado;Mutter
Sensori di prossimità;Näherungssensoren
Cambi di circuito;Netzwerkwechsel
non accessoriato;nicht ausgerüstet
Premi barra - Premilamiera;Niederhalter
DADO AUTOBLOCCANTE BASSO;NIEDRIGE KONTERMUTTER
Dado esagonale basso;Niedrige Sechskanmutter
Piedino Di Livellamento (Per Soppalchi);Nivellierfuß (Für Mezzanine???)/ Stellfuß
Piedino di livellamento per soppalchi;Nivellierung Fuss für Bühne
CAMMA DX CORSA;Nocken Rx Fahrt
Gruppo Camma Azzeramento Encoder;Nockenbaugruppe zur Rückstellung des Encoders
Tavola di sollevamento a camme;Nockengesteuerter Hubtisch
Gruppo Camma;Nockengruppe
Tavola a camme;Nockenhubtisch
Gruppo camma per sollevamento;Nockenscheibe für Hub
Albero a camme;Nockenwelle
Scanalatura (profilo);Nut (profilnut)
Tasseli in ertalon lato carter;Nutenstein aus ertalon
Carico utile;Nutzlast
Colonne Superiori;Obere Säulen
Filo superiore;Oberkante
Telaio superiore;Oberrahmen
Tappo di scarico olio;Ölablassstutzen
Paraolio;Ölabstreifring
Deflettore olio;Ölabweiser
Tappo di livello olio;Ölstandanzeigestutzen
Testa di lettura (Pepperl+Fuchs);Optischer Lesekopf
Sopralluogo - ispezione;Ortsbegehung - vor-Ort Besichtigung
Pallet;Palette
Linguetta/chiavetta;Passfeder
Linguetta 2 fori passo 20;Passfeder mit zwei Löchern  / Passfeder mit zwei Löchern steigung 20
Rosetta di spessoramento;Paßscheibe
Vite di spallamento;Passschulterschraube
banachetto adattamento;Passstück
Supporto basculante;Pendelauflage
Paratia oscillante;Pendelklappe
Gruppo Riscontri Attacchi Pendolo;Pendelpräsenz
Cuscinetto orient. a rulli;Pendelrollenlager
Dispositivi di protezione individuale;persönliche Schutzausrichtung (PSA)
Manutenzione Ordinaria E Programmata;Planmäßig und programmierte Wartung  - Gewöhnliche und programmierte Wartung
Pianificazione;Plannung
Lastra;Platte
Piastrina fermaperno / per bloccaggio perno;Platte für Blockstift
Piastra per leva;Platte für Hebel
Piatto a saldare;Platte zum Schweißen
Nastro trasportatore a piastre / lamelle;Plattenband
Ingombro;Platzbedarf
Cinghia Sincrona in Poliretano;Polyurethan-Synchronriemen
Piatto in polizene;Polyzen-Platte
Polizene testata tenditrice;Polyzen-Spannkopf
Polizene testata motrice;Polyzol für Antriebeskopf
Gruppo guida in Polizene;Polyzol-Führungsgruppe
Trasferitori a portale;Portalumsetzer
Blocco centratore;Positioniereinrichtung
Freccia di posizionamento;Positionspfeil
Verifica profilo libero;Profilfrei-Abfrage
Gruppo profilato Alusic distanziato;Profilgruppe Alusic
Tappo per profilo;Profil-Kappe
Avanprogettazione;Projectierung
Calibro campione;Prüflehre
Certificato di statica;Prüfstatic
Buffer (deposito di accumulo);Puffer
Paracolpi;Puffer
Distanziale respingente;Puffer-Abstandhalter
Trasferitore a catena  buffer;Pufferkettenfoerderer
Trasportatore a catena di plastica con buffer;Pufferkunststoffkettenförderer
Trasportatore a catena laterale;Querkettenförderer
Trasferitore laterale a catena di plastica;Querkunststoffkettenförderer
Gruppo Sensore Trasversale;Quersensor-Baugruppe
Montanti trasversali;Querstreben
Traversa;Querträger
Carrello trasferitore;Querverschiebwagen
Distanziale ruota;Rad Abstandshalter
Linea delle ruote;Räderlinie
Guida Per Ruote;Radführung
Telaio ruota;Radgestell
Supporto della ruota;Radhalterung
Gioco radiale;radiales Spiel
Snodo Sferico Radiale;Radial-Gelenklager
Facchino;Radmitnehmer
Area montaggio ruote;Radmontageabteilung
Trasporto delle ruote;Raedertransport
Telaio;Rahmen
Supporto telaio;Rahmen Auflage
Distanza tra asse anter e poster;Randabstand
Sponda - barra laterale;Randleiste
Pistoncino di posizionamento;Rastriegel
Pellicola Riflettente;Reflektierender Film/ Reflektierender Folie
Staffa riflettore;Reflektorhalter
Trasloelevatore (magazzino automatico);Regalbediengerät
Battistrada;Reifenbreite
Fune di emergenza;Reißleine
Rischi  residui;Restrisiken
Cinghia;Riemen
Supporto Cinghia;Riemenhalterung
Puleggia (carrucola);Riemenscheibe
Puleggia;Riemenscheibe
Gruppo Cinghia Slitta;Riemenschlittegruppe
Piastra stringi cinghia;Riemenspannplatte
Cuscinetto radiale a sfera, singola corona LDI S6301-2RS;Rillenkugellager
GOLFARI MASCHI AD OCCHIO CIRCOLARE DIN 580 ZB;Ringschraube DIN 580 ZB
Pignone;Ritzel
Supporto pignoni;Ritzel - Unterstützung
Tubo s.s. per applicazioni meccaniche;Rohr s.s. für mechanische Anwendungen - UNI EN 10297
Rullo per testata;Rolle für Kopfteil
Rulli;Rollen
Carter Copertura Rulli;Rollen Carter/Abdeckung
Tavola a rulli;Rollenbahn
Tavola a rulli non accessoriata;Rollenbahn nicht ausgerüstet
Banchetto;Rollenbock
Piede monorullo;Rollenbock-Fuß/Ständer
Supporto rotella;Rollenhalter
Cuscinetti a rulli;Rollenlager
Rotore;Rotor
Vista Posteriore;Rückansicht
Antiritorno;Rückfahrtsperre / Rücklaufsperre
Piastra per catarifrangente;Rückstrahler-platte
Tondo laminato;Rundstab
Tondo rettificato;Rundstahl
Scivolo scarico depositi di lavorazione;Rutsche für Bearbeitungsablagerungen
Elementi di scivolo - piano inclinato (?);Rutschelemente
Colonne;Säulen
Gruppo Colonne;Säulengruppe
Impianto di distribuzione;Schaltanlage
Bordo sensibile (Pro-Switch);Schaltleiste
Cabina elettrica - Armadio elettrico;Schaltschrank
Disco;Scheibe
Rondella 1;Scheibe 1
Tavola a forbice;Scherenhubtisch
Complessivo azionatore pantografo;Scherenhubtisch-Betätigungseinheit
Assistenza turni;Schichtbegleitung
Binario;Schiene
Bandella;Schleifleitung
catena porta cavi o catenaria;Schleppkette
Catena portacavi;Schleppkette
Trasportatore a catena Portacavi/tirante;Schleppkettenförderer
Ruote dentate di Trascinamento;Schlepp-Zahnrad
Slitta;Schlitten
Carrelli;Schlitten - Wagen
Gruppo Slitta;Schlittengruppe
Rondella di chiusura;Schlußscheibe - Sicherungsscheibe
Ingrassatore;Schmierbüchse
Lubrificante;Schmiermittel
Lubrificazione;Schmierung
Disegno tecnico - sezione;Schnitt - Profil  (Zeichnung)
Reparto linee taglio;Schnittabteilung
Interfaccia;Schnittstelle
Bullone;Schraube
serraggio di una vite;Schraubenanzug
Chiocciola;Schraubenmutter
Avvitatrice;Schrauber
Piattaforma a spinta;Schubplattform
Skillet;Schubskid
Occhiali schermo protettivo;Schutzbrille
Contattore;Schutze
Zona del reticolo di protezione;Schutzgitterbereich
Delimitazioni di sicurezza (della via);Schutzumwehrung - Sicherheitsabgrenzung
Recinzione di sicurezza;Schutzzaun
Reparti di saldatura;Schweißabteilung
Brancardo;Schweller
Area di rotazione;Schwenkbereich
Tavola girevole (90°);Schwenktisch
Tavola girevole eccentrica;Schwenktisch
Tassello Espansivo;Schwerlastanker
Ruota per alte portate;Schwerlast-Rad
Dado esagonale;Sechskantmutter
Vite a testa esagonale;Sechskantschraube
Grani a cava esagonale a estremità a coppa;Sechskantschrauben
segeer;Seeger-Ring
Fune;Seil
Sistema di trasporto a fune;Seilbahnsysteme
Diametro della fune;Seildurchmesser
Encoder a fune;Seilzuggeber
Fiancata;Seite
Vista Laterale;Seitenansicht
Telaio laterale;Seitenrahmen
Guancia laterale singola Sx;einzelne Seitenwange Ls
Guancia laterale singola Dx;einzelne Seitenwange Rs
Motoriduttore autofrenante;selbstbremsende Getriebemotor
Motore autofrenante;Selbstbremsender Motor - Bremsmotor
Pellicola di riflessione autoadesiva;Selbstklebende Reflexfolie
Ghiera autobloccante;Selbstsichernder Gewindering
Gruppo trasmissione inversione;Sendung/Inversion Gruppe
Vite autofilettante;Senk-Blechschraube
Gruppo Sensore;Sensoren Gruppe/Initiator baugruppe
Gruppo testimone/ (staffa riconoscimento) sensori;Sensoren Lesbahrplatte
Profilo supporto sensori;Sensorhalternung Profil
Piantone staffa sensori;Sensorhalterung
Staffa Sensore - Asola M6;Sensorhalterung - Langloch M6
Staffa sensore;Sensorplatte
Profilo per sensore;Sensorprofil
Supporto sensore;Sensorstützung
Varco tecnico;Sicherheitsbereich
Dispositivi di sicurezza;Sicherheitseinrichtungen
Interruttore di sicurezza di fine corsa;Sicherheitsendschalter
Cinture di sicurezza;Sicherheitsgurte
Calzature di sicurezza;Sicherheitsschuhe
Anello di sicurezza/Anello di ritegno;Sicherungsring*
Gruppo Lamiera di Segnalazione;Signalblechgruppe
Circuito di commutazione;SK - Schaltkreis Kommutierungskreis
Skid;Skid
Dispositivo di posizionamento skid - cabina;Skid Positioneinrichtung Kabine
Dispositivo di posizionamento skid;Skid- Positioneinricthung
Stazione di disimpilamento skid;Skidentstapelungstation
Impianto a Skid;Skidfoerderer - Skid Anlage
Stazione di riscontro;Skidpruefstation
Stazione di pulizia skid;Skidreinigungsstation
Stazione di impilamento skid;Skidstapelstation
Mezzo straordinario di movimentazione;Sonderbetriebsmittel
Piantone per;Halterung für
Controllo sagoma;Spaltkontrolle
Fascetta di serraggio;Spannband
Staffa di fissaggio;Spannbügel
Tensionatore;Spanner
Tendicatena;Spannkette
testa tensionamento;Spannkopf
Calettatore;Spannsatz
Tenditore;Spannschlossmutter
tiranti del soppalco;Spannstangen
Testata tenditrice;Spannstation
Spina elastica;Spannstift
testata di tensionamento;Spannungs-Zylinderkopf
Deposito - magazzino;Speicher
memoria programmabile di comando;Speicherprogrammierbare Steuerung
Sostegno anticaduta;Speppklinke Unterstützung
(Braccetto) anticaduta;Sperklinke
Ruota fonica;Spindelgeber
Puntale;Spitze
Copiglia UNI 1336;Splint UNI 1336
Coppiglia;Splinte
Ancorante Chimico;Split/ Chemische Dübel
Scartamento;Spurbreite
Flangia;Spurkranzweite
Barre di sostegno per (Piedini) tavola rulli/trasportatori;Spurträger
Struttura in acciaio;Stahlbau
Pilastri di cemento armato;Stahlbetonstürzen
Ponteggio (acciao);Stahlbühne /Stahlgerüst
Ruote di acciaio;Stahlräder
Longheroni;Stahlträger
Piantana sostegno connettori;Ständer für Anschlussstecker
Piantana Movifit;Ständer Movifit
Piede trasportatore;Ständerfuß
Asta bilanciere;Stange
Asta bilanciere inferiore;Stange unten
Impilatore;Stapler
Disimpilatore;Entstapler
Impilatore - Disimpilatore 4 Skid;Stapler - Entstapler 4 Skid
statore;Stator
Trasportatore di accumulo;Staukettenförderer
Settori di accumulo;Stauungsbereich
Spina;Stecker
Piastra connettori;Stecker-platte
Connettore Plug;Steckverbinder Plug Stecker -  Anschlußstecker
Raccordo a innesto;Steckverschraubung
Scala alla marinara;Steigleiter
Controllo;Steuerung
Perno;Stift
vite prigioniera;Stiftschraube
Ruota dentata cilindrica;Stirnrad
Motoriduttore ad ingranaggi cilindrici;Getriebemotor
Deposito per le anomalie;Störspeicher
Giunti;Stöße
Paraurti;Stoßleisten
Binario di alimentazione;Stromschiene
Supporti in piedi;Stützenaufstell
Piede d'appoggio;Stützfuss
Piastra di contrasto supporto;Stützkontrastplatte
Rullo di Supporto;Stützrolle  - Stützwalze
Sostegno / Supporto;Stützung
Olio sintetico;Synthetiköl
Lubrificanti sintetici;synthetische Schmiermittel
Forcole telescopiche;Teleskopgabel
Bullone testa a T;T-Kopfschraube
Gruppo traversa di sostegno tenditore;Träger für Spannerunterstützung
Trasportatore a catena;Tragkettenfoerderer
Trasportatore a catena di plastica;Tragkunsstoffkettenfoerderer
Lamiera bugnata;Tränenblech
Gruppo Anticaduta Trasversale;Querschnittliche Absturzsicherung Gruppe
Gruppo Otturatore Trasversale;Transversale Sicherheitsgruppe
Traverse;Traversen
Motore - propulsore;Triebwerk
Pedata;Trittstufe
Asciugatura;Trocknung
Bandiera/Gruppo di estrazione tamburo;Trommelausbauschiene
Componenti del tamburo;Trommelkomponenten
Chiave a T;T-Schlüssel
Targhetta;Typenschild
Gruppo targhetta;Typenschild Gruppe
Targhetta Azzeramento Encoder;Typenschild zur Rückstellung des Encoders
Consegna;Übergabe
scavalco;Übergang
Gruppo Scavalco;Übergangssgruppe
Extracorsa;Überlauf
Blocco antiritorno;Überlaufsperre
Passaggio;Uebergang
Volume;Umfang
testata di rinvio;Umlenkkopf
Albero di rinvio;Umlenkwelle
adattare - convertire;umrüsten
Contatti di commutazione;Umschaltkontakte Kommutierungskontakte
Convertitore;Umsetzer
Realizzazione;Umsetzung
Bilanciere inferiore;Unten Traverse
Sottostruttura;Unterbau
Pianale (sottoscocca);Unterbau - Chassis
Pianale;Unterböden
Colonne Inferiori;Untere Säulen
Filo inferiore;Unterkante
Sottotelaio;Unterrahmen
Gruppo Sostegno;Halterungsgruppe
Pista di appoggio;Unterstützungsschiene
Trave;Unterzug
Gruppo elettrovalvole;Ventilinsel
Rampone di ancoraggio;Verankerungsklemme - Klemmplatte
Maglia di Giunzione;Verbindungsgliedkette
Bilanciere superiore;Verbindungstange oben
Cablaggio;Verdrahtung - Verkabelung - Beschaltung
singolarizzatore;Vereinzeler
tecnica dei processi industriali;Verfahrenstechnik
Agganciare;Verkuppeln - Andocken - Ankoppeln- einhängen-anlegen-einrasten-verlinken-andocken
Aggancio;Verkupplung - Anhänger
Blocco;Verriegelung
Otturatore;Verriegelungs Vorrichtung
Gruppo otturatore;Verriegelungs Vorrichtung Gruppe
Leva di blocco;Verriegelungshebel
Disco otturatore;Verriegelungsscheibe
Stazione di bloccaggio;Verriegelungsstation
Dispositivi di blocco;Verriegelungsvorrichtung
Carrello Trasbordatore;Verschiebewagen - Verfahrwagen
Barra di sollevamento;Verschleissleiste/Hubstange
Disposizione (in Sorte teilen es. su diversi binari);Versortung
Diagonale di rinforzo;Verstärkungsdiagonale
Gruppo piatto di rinforzo;Verstärkungsplattengruppe
Crociera per colonne;Verstebung für Säule
Montaggio sperimentale;Versuchsaufbau
Funzionamento manuale;VFF (Vorseriefahrzeug)
Dado Quadro;Vierkantmutter
Pretrattamento;Vorbehandlung
Vista Frontale;Vorderansicht
Guancia frontale;Vorderseite Wange
Blocchetto centratore;Vorrichtung für Zentrierung
(periodo di) Prod. Veicoli di prova;Vorserien-Freigabe-Fahrzeuge
Vettura finita;Wagen/gesamter Fahrzug
Cuscinetti volventi;Wälzlager
Segnale di avvertimento;Warnsignal  - Hinweissignal
Tavola a svincolo di attesa;Wartehubtisch
Manutenzione;Wartung - Instandhaltung
Balconcino di manutenzione;Wartungsbühne
Soppalco per la manutenzione;Wartungsbühne
Leva di manutenzione;Wartungsklappe
Gruppo Piolo di manutenzione;Wartungspflock Gruppe
Pali di manutenzione;Wartungsstangen
Percorso per la manutenzione;Wartungsweg
Percorso - Via;Weg - Strecke
Sistema di misurazione della posizione-spostamento;Wegmesssystem
Scambio;Weiche
Deviatore;Weiche = Wechselschalter
Scambi;Weichen
Albero;Welle
Trasportatore pezzi di lavoro;Werkstückträger
Mandrino;Wickenwelle
Classe di resistenza;Widerstandsklasse
Squadra con nasello;Winkel
Corona dentata;Zahnkranz
Ruota dentata;Zahnrad
Rondella elastica dentata;Zahnradscheibe
Cinghia dentata;Zahnriemen
Puleggia Dentata;Zahnriemenscheibe
Pignoni dentati;Zahnritzel
Cremagliera;Zahnstange
Dentatura;Zahnung - Verzahnung
Pinza;Zange
Estremità albero d'uscita;Zapfwellenendstück
Gruppo traversa centrale;Zentralantriebsträger
Polizene centrale;Zentrale Polyzole
Guancia Centrale;Zentrale Wange
Centraline di lubrificazione;Zentralschmieraggregat
Gruppo ruota centraggio;Zentrierradgruppe
Anello di centraggio;Zentrierring
Piolo di centraggio;Zentrierstift
Centratore;Zentrierung
Gruppo Centratore;Zentrierung Gruppe
Gruppo centraggio otturatore;Zentrierunggruppe der Verriegelungs Vorrichtung
Trainare;Ziehen
Alimentazione;Zuführung
Rinvio sblocco freno;Bremslüftungsgetriebe
Tirante;Zugstab
Gruppo tirante;Zugstab Gruppe
Blocchetto Per Tirante;Zugstange vorrichtung
Colonne intermedie;Zwischensäulen
Cuscinetti a rulli cilindrici a una corona;Zylinderrollenlager, einreihig
viti a testa cilindrica;Zylinderschraube
Spina cilindrica;Zylinderstift
sottobase singola;Einzelanschlussplatte
Design;Entwurf
